{"result":"success","data":{"version":"0.9.105","home_url":"https:\/\/playground.wordpress.net\/scope:0.1217180960216100","abspath":"\/wordpress\/","wp_content_path":"\/wordpress\/wp-content","wp_plugin_path":"\/wordpress\/wp-content\/plugins","active_plugins":["wpvivid-backuprestore\/wpvivid-backuprestore.php"],"multisite":"disable","web_server":"PHP.wasm","php_version":"8.0.30-dev","mysql_version":"8.0","wp_debug":true,"language":"en-US","upload_max_filesize":"2000M","max_execution_time":"300","max_input_vars":"1000","timezone":"UTC+0","OS":"Emscripten emscripten 3.1.61 #1 wasm32","memory_current":"33.91MB","memory_peak":"34.61MB","memory_limit":"256M","post_max_size":"2000M","allow_url_fopen":"","safe_mode":false,"pcre.backtrack_limit":"1000000","exif":"not support","xml":"support","suhosin":"not support","IPTC":"support","extensions":["Core","date","libxml","openssl","pcre","sqlite3","zlib","bcmath","calendar","ctype","dom","fileinfo","filter","gd","hash","iconv","json","mbstring","SPL","PDO","pdo_sqlite","session","Reflection","standard","SimpleXML","Phar","tokenizer","wasm_memory_storage","xml","xmlreader","xmlwriter","zip"],"apache_modules":[],"pdo_mysql":"not support","mysql_mode":"","PclZip":"support","wp_prefix":"wp_","fast_cgi":"Off"},"wp_version":"6.6.1"}